Epoch,GPU Mem (GB),Box Loss,Class Loss,DFL Loss,Instances,Size,Precision,Recall,mAP50,mAP50-95
1,9.61,1.736,1.903,1.734,17,640,0.796,0.421,0.461,0.307
2,11.9,1.692,1.631,1.639,15,640,0.447,0.407,0.274,0.189
3,11.9,1.735,1.731,1.672,11,640,0.611,0.355,0.346,0.214
4,11.9,1.758,1.802,1.699,10,640,0.655,0.414,0.424,0.275
5,11.9,1.74,1.746,1.686,20,640,0.677,0.4,0.421,0.271
6,11.9,1.708,1.701,1.668,4,640,0.69,0.403,0.42,0.271
7,11.9,1.706,1.655,1.683,27,640,0.637,0.402,0.415,0.279
8,11.9,1.678,1.618,1.654,12,640,0.754,0.411,0.46,0.304
9,11.9,1.653,1.6,1.645,9,640,0.712,0.416,0.438,0.297
10,11.9,1.636,1.561,1.637,13,640,0.783,0.41,0.46,0.306
11,11.9,1.646,1.558,1.638,9,640,0.806,0.417,0.478,0.323
12,11.9,1.615,1.501,1.618,9,640,0.79,0.431,0.48,0.318
13,11.9,1.609,1.517,1.618,4,640,0.84,0.417,0.482,0.319
14,11.9,1.589,1.476,1.603,13,640,0.844,0.427,0.498,0.334
15,11.9,1.594,1.488,1.611,6,640,0.843,0.43,0.5,0.337
16,11.9,1.567,1.446,1.59,5,640,0.824,0.423,0.49,0.325
17,11.9,1.572,1.449,1.582,8,640,0.849,0.427,0.509,0.343
18,11.9,1.56,1.443,1.582,12,640,0.873,0.429,0.511,0.338
19,11.9,1.537,1.421,1.564,9,640,0.816,0.441,0.513,0.34
20,11.9,1.562,1.456,1.579,13,640,0.862,0.437,0.516,0.343
21,11.9,1.518,1.392,1.549,5,640,0.873,0.435,0.519,0.348
22,11.9,1.518,1.392,1.558,10,640,0.856,0.438,0.533,0.355
23,11.9,1.529,1.399,1.561,6,640,0.853,0.443,0.528,0.361
24,11.9,1.498,1.369,1.541,14,640,0.861,0.44,0.539,0.364
25,11.9,1.496,1.363,1.558,5,640,0.861,0.438,0.525,0.359
26,11.9,1.491,1.355,1.536,11,640,0.863,0.435,0.53,0.361
27,11.9,1.489,1.366,1.539,15,640,0.87,0.44,0.532,0.361
28,11.9,1.476,1.335,1.522,13,640,0.885,0.435,0.537,0.365
29,11.9,1.459,1.334,1.517,8,640,0.87,0.439,0.542,0.369
30,11.9,1.461,1.336,1.522,20,640,0.882,0.437,0.549,0.375
31,11.9,1.443,1.313,1.507,10,640,0.856,0.44,0.539,0.373
32,11.9,1.446,1.317,1.508,12,640,0.895,0.436,0.55,0.373
33,11.9,1.446,1.32,1.507,13,640,0.888,0.438,0.55,0.377
34,11.9,1.412,1.279,1.487,8,640,0.888,0.438,0.557,0.379
35,11.9,1.408,1.288,1.486,7,640,0.854,0.449,0.576,0.39
36,11.9,1.412,1.29,1.498,4,640,0.858,0.448,0.569,0.388
37,11.9,1.404,1.277,1.474,28,640,0.874,0.434,0.558,0.379
38,11.9,1.408,1.276,1.479,19,640,0.847,0.461,0.576,0.389
39,11.9,1.4,1.276,1.478,18,640,0.868,0.455,0.585,0.388
40,11.9,1.389,1.265,1.462,5,640,0.885,0.453,0.581,0.395
41,11.9,1.391,1.266,1.464,12,640,0.85,0.454,0.575,0.392
42,11.9,1.378,1.254,1.458,3,640,0.83,0.475,0.599,0.402
43,11.9,1.382,1.25,1.463,9,640,0.851,0.478,0.603,0.404
44,11.9,1.38,1.257,1.467,6,640,0.855,0.464,0.597,0.402
45,11.9,1.372,1.247,1.462,3,640,0.869,0.475,0.608,0.412
46,11.9,1.358,1.233,1.451,10,640,0.856,0.478,0.609,0.411
47,11.9,1.348,1.22,1.442,4,640,0.825,0.483,0.607,0.411
48,11.9,1.339,1.211,1.433,9,640,0.836,0.5,0.625,0.417
49,11.9,1.344,1.222,1.443,5,640,0.825,0.495,0.624,0.419
50,11.9,1.338,1.22,1.431,6,640,0.86,0.495,0.632,0.42
51,11.9,1.322,1.203,1.431,13,640,0.859,0.493,0.629,0.422
52,11.9,1.313,1.173,1.416,17,640,0.851,0.505,0.642,0.427
53,11.9,1.318,1.186,1.425,8,640,0.808,0.509,0.635,0.421
54,11.9,1.308,1.167,1.414,31,640,0.85,0.5,0.638,0.428
55,11.9,1.303,1.161,1.412,17,640,0.851,0.524,0.658,0.437
56,11.9,1.29,1.156,1.41,10,640,0.848,0.518,0.655,0.434
57,11.9,1.29,1.152,1.406,13,640,0.832,0.515,0.649,0.433
58,11.9,1.293,1.147,1.4,15,640,0.827,0.529,0.66,0.435
59,11.9,1.273,1.132,1.4,11,640,0.827,0.534,0.663,0.438
60,11.9,1.285,1.142,1.399,8,640,0.836,0.527,0.667,0.443
61,11.9,1.271,1.123,1.386,10,640,0.841,0.533,0.671,0.445
62,11.9,1.26,1.111,1.382,10,640,0.847,0.54,0.671,0.444
63,11.9,1.263,1.122,1.385,11,640,0.84,0.551,0.681,0.45
64,11.9,1.25,1.082,1.372,12,640,0.831,0.558,0.685,0.45
65,11.9,1.27,1.128,1.393,11,640,0.83,0.564,0.692,0.454
66,11.9,1.242,1.097,1.375,6,640,0.841,0.555,0.684,0.449
67,11.9,1.261,1.115,1.385,15,640,0.82,0.559,0.684,0.45
68,11.9,1.241,1.087,1.362,8,640,0.821,0.58,0.699,0.458
69,11.9,1.228,1.08,1.36,16,640,0.827,0.578,0.7,0.458
70,11.9,1.218,1.066,1.351,11,640,0.821,0.576,0.7,0.457
71,11.9,1.227,1.067,1.352,4,640,0.834,0.565,0.692,0.457
72,11.9,1.231,1.074,1.362,6,640,0.824,0.58,0.701,0.46
73,11.9,1.214,1.046,1.344,6,640,0.808,0.6,0.71,0.464
74,11.9,1.21,1.044,1.344,9,640,0.813,0.584,0.703,0.46
75,11.9,1.201,1.023,1.329,11,640,0.806,0.602,0.709,0.465
76,11.9,1.199,1.029,1.334,11,640,0.804,0.604,0.71,0.463
77,11.9,1.189,1.017,1.325,7,640,0.809,0.603,0.711,0.466
78,11.9,1.181,1.009,1.323,21,640,0.809,0.589,0.707,0.462
79,11.9,1.186,1.011,1.32,28,640,0.81,0.61,0.717,0.467
80,11.9,1.179,0.9997,1.311,8,640,0.813,0.604,0.714,0.464
81,11.9,1.177,0.9901,1.313,14,640,0.812,0.602,0.713,0.465
82,11.9,1.171,0.9826,1.316,14,640,0.823,0.604,0.713,0.466
83,11.9,1.167,0.972,1.312,7,640,0.808,0.613,0.717,0.466
84,11.9,1.157,0.968,1.31,7,640,0.816,0.615,0.718,0.467
85,11.9,1.162,0.9566,1.299,10,640,0.811,0.617,0.72,0.466
86,11.9,1.155,0.9526,1.294,7,640,0.804,0.626,0.723,0.469
87,11.9,1.167,0.9625,1.305,6,640,0.819,0.617,0.721,0.469
88,11.9,1.14,0.9414,1.284,10,640,0.808,0.621,0.721,0.47
89,11.9,1.14,0.9175,1.285,7,640,0.813,0.616,0.72,0.47
90,11.9,1.15,0.9334,1.287,8,640,0.81,0.607,0.716,0.466
91,11.9,1.139,0.9163,1.276,8,640,0.808,0.616,0.717,0.466
92,11.9,1.132,0.9119,1.272,3,640,0.798,0.619,0.715,0.464
93,11.9,1.115,0.8895,1.26,11,640,0.793,0.623,0.718,0.466